{"dimensions":{"width":445.3228,"height":637.2723},"ocr_results":[{"text":"[GeneralInformation]","box":[[72,79.19999999999993],[177,79.19999999999993],[177,89.19999999999993],[72,89.19999999999993]]},{"text":"SS号=11793898","box":[[72,93.19999999999993],[137,93.19999999999993],[137,103.19999999999993],[72,103.19999999999993]]}]}