{"dimensions":{"width":595.22,"height":842},"ocr_results":[{"text":"2008年7月22日初稿","box":[[114,111.41969999999992],[231,111.41969999999992],[231,123.41969999999992],[114,123.41969999999992]]},{"text":"第596页，共2743页","box":[[397.2117615,34.45633350000003],[523.2117615,34.45633350000003],[523.2117615,46.45633350000003],[397.2117615,46.45633350000003]]}]}