{"dimensions":{"width":595.22,"height":842},"ocr_results":[{"text":"2010年2月8日初稿","box":[[90,134.8196999999999],[201,134.8196999999999],[201,146.8196999999999],[90,146.8196999999999]]},{"text":"第1323页，共1477页","box":[[391.2117615,34.45633350000003],[523.2117615,34.45633350000003],[523.2117615,46.45633350000003],[391.2117615,46.45633350000003]]}]}