{"dimensions":{"width":595.22,"height":842},"ocr_results":[{"text":"2012年5月11日修改","box":[[90,88.01969999999994],[192,88.01969999999994],[192,100.01969999999994],[90,100.01969999999994]]},{"text":"第288页，共1477页","box":[[397.2117615,34.45633350000003],[523.2117615,34.45633350000003],[523.2117615,46.45633350000003],[397.2117615,46.45633350000003]]}]}