{"dimensions":{"width":595.22,"height":842},"ocr_results":[{"text":"2012年3月19日修改","box":[[90,111.41969999999992],[207,111.41969999999992],[207,123.41969999999992],[90,123.41969999999992]]},{"text":"第1808页，共1862页","box":[[391.2117615,34.45633350000003],[523.2117615,34.45633350000003],[523.2117615,46.45633350000003],[391.2117615,46.45633350000003]]}]}