{"dimensions":{"width":595.22,"height":842},"ocr_results":[{"text":"2010年3月15日初稿","box":[[126,88.01969999999994],[243,88.01969999999994],[243,100.01969999999994],[126,100.01969999999994]]},{"text":"第28页，共1747页","box":[[403.2117615,34.45633350000003],[523.2117615,34.45633350000003],[523.2117615,46.45633350000003],[403.2117615,46.45633350000003]]}]}