{"dimensions":{"width":595.22,"height":842},"ocr_results":[{"text":"2010年5月31日初稿","box":[[126,111.41969999999992],[243,111.41969999999992],[243,123.41969999999992],[126,123.41969999999992]]},{"text":"第293页，共1747页","box":[[397.2117615,34.45633350000003],[523.2117615,34.45633350000003],[523.2117615,46.45633350000003],[397.2117615,46.45633350000003]]}]}