{"dimensions":{"width":595.22,"height":842},"ocr_results":[{"text":"2010年6月28日初稿","box":[[126,134.8196999999999],[243,134.8196999999999],[243,146.8196999999999],[126,146.8196999999999]]},{"text":"第527页，共1747页","box":[[397.2117615,34.45633350000003],[523.2117615,34.45633350000003],[523.2117615,46.45633350000003],[397.2117615,46.45633350000003]]}]}