{"dimensions":{"width":595.22,"height":842},"ocr_results":[{"text":"第1290页，共1569页","box":[[391.2117615,34.45633350000003],[523.2117615,34.45633350000003],[523.2117615,46.45633350000003],[391.2117615,46.45633350000003]]}]}