{"dimensions":{"width":595.22,"height":842},"ocr_results":[{"text":"2009年9月7日初稿","box":[[90,205.01969999999983],[201,205.01969999999983],[201,217.01969999999983],[90,217.01969999999983]]},{"text":"第1464页，共1569页","box":[[391.2117615,34.45633350000003],[523.2117615,34.45633350000003],[523.2117615,46.45633350000003],[391.2117615,46.45633350000003]]}]}