{"dimensions":{"width":595.22,"height":842},"ocr_results":[{"text":"2012年5月3日修改","box":[[90,88.01969999999994],[186,88.01969999999994],[186,100.01969999999994],[90,100.01969999999994]]},{"text":"第1533页，共1569页","box":[[391.2117615,34.45633350000003],[523.2117615,34.45633350000003],[523.2117615,46.45633350000003],[391.2117615,46.45633350000003]]}]}