{"dimensions":{"width":595.22,"height":842},"ocr_results":[{"text":"2011年12月23日修改","box":[[114,88.01969999999994],[237,88.01969999999994],[237,100.01969999999994],[114,100.01969999999994]]},{"text":"第242页，共1569页","box":[[397.2117615,34.45633350000003],[523.2117615,34.45633350000003],[523.2117615,46.45633350000003],[397.2117615,46.45633350000003]]}]}