{"dimensions":{"width":595.22,"height":842},"ocr_results":[{"text":"2011年9月20日修改","box":[[114,88.01969999999994],[231,88.01969999999994],[231,100.01969999999994],[114,100.01969999999994]]},{"text":"第1543页，共4822页","box":[[391.2117615,34.45633350000003],[523.2117615,34.45633350000003],[523.2117615,46.45633350000003],[391.2117615,46.45633350000003]]}]}